Name,Accession_Number,Subcellular_location
A kinase (PRKA) anchor protein 11,E9Q774,"cytosol,nucleolus,peroxisome,plasma membrane"
Actin-binding LIM protein 3,Q69ZX8,Cytoplasm
"Actin, cytoplasmic 1",P60710,"Cytoplasm,cytoskeleton"
Jouberin,Q8K3E5,"Cytoplasm,cytoskeleton,cilium basal body,Cytoplasm,cytoskeleton,microtubule organizing center,centrosome,centriole,Cell junction,adherens junction"
"Actin, alpha skeletal muscle",P68134,"Cytoplasm,cytoskeleton"
"Actin, aortic smooth muscle",P62737,"Cytoplasm,cytoskeleton"
Abl interactor 2,P62484,"Cytoplasm,Cell projection,lamellipodium,Cell projection,filopodium,Cytoplasm,cytoskeleton"
Acetyl-CoA carboxylase 1,Q5SWU9,Cytoplasm
Atf2 protein,Q640L6,"membrane,nucleus"
Actin-binding LIM protein 1,Q8K4G5,"Cytoplasm,Cytoplasm,cytoskeleton"
Acyl-coenzyme A thioesterase 8,P58137,"Cytoplasm,Peroxisome matrix"
Actin-binding LIM protein 2,Q8BL65,Cytoplasm
AP-2 complex subunit alpha-2,P17427,"Cell membrane,Peripheral membrane protein,Cytoplasmic side,Membrane,coated pit,Peripheral membrane protein,Cytoplasmic side"
Cytosolic acyl coenzyme A thioester hydrolase,Q91V12,"Cytoplasm,Cytoplasm"
Beta-actin-like protein 2,Q8BFZ3,"Cytoplasm,cytoskeleton"
Adenomatous polyposis coli protein 2,Q9Z1K7,"Cytoplasm,cytoskeleton,Golgi apparatus,Cytoplasm,Cytoplasm,perinuclear region"
Amyloid beta (A4) protein,Q6GR78,"apical part of cell,astrocyte projection,cell-cell junction,cell surface,ciliary rootlet,dendritic shaft,dendritic spine,endosome,ER to Golgi transport vesicle,extracellular exosome,extracellular space,Golgi apparatus,growth cone filopodium,growth cone lamellipodium,integral component of membrane,main axon,membrane raft,neuromuscular junction,nuclear envelope lumen,perinuclear region of cytoplasm,plasma membrane,receptor complex,rough endoplasmic reticulum,smooth endoplasmic reticulum,spindle midzone,terminal bouton"
Proteasomal ubiquitin receptor ADRM1,Q9JKV1,"Cytoplasm,Nucleus"
Amyloid beta A4 protein,P12023,"Membrane,Single-pass type I membrane protein,Membrane,clathrin-coated pit"
Amyloid-like protein 1,Q03157,"Cell membrane,Single-pass type I membrane protein,Cytoplasm"
Alsin,Q920R0,"axon,centrosome,cytoplasm,cytosol,dendrite,dendritic spine,early endosome,growth cone,lamellipodium,membrane,neuronal cell body,nucleus,postsynaptic density,protein complex,ruffle,vesicle"
Alpha-adducin,Q9QYC0,"Cytoplasm,cytoskeleton,Cell membrane,Peripheral membrane protein,Cytoplasmic side"
Ankyrin repeat and KH domain-containing 1,E9PUR0,cytoplasm
Adenomatous polyposis coli protein,Q61315,"Cell junction,adherens junction,Cytoplasm,cytoskeleton,Cell projection,lamellipodium,Cell projection,ruffle membrane,Cytoplasm,Cell membrane"
Amyloid beta A4 precursor protein-binding family B member 1,Q9QXJ1,"Cell membrane,Cytoplasm,Nucleus,Cell projection,growth cone,Nucleus speckle"
Ankyrin repeat domain-containing protein 17,Q99NH0,"Cytoplasm,Nucleus"
Fructose-bisphosphate aldolase A,P05064,"Cytoplasm,myofibril,sarcomere,I band,Cytoplasm,myofibril,sarcomere,M line"
Ankyrin repeat domain-containing protein 40,Q5SUE8,Not Found
Arf-GAP domain and FG repeat-containing protein 2,Q80WC7,membrane
Arf-GAP domain and FG repeat-containing protein 1,Q8K2K6,"Nucleus,Cytoplasmic vesicle"
Serine/threonine-protein phosphatase 6 regulatory ankyrin repeat subunit A,Q505D1,"Nucleus,nucleoplasm"
Ankyrin-2,Q8C8R3,"Cytoplasm,cytoskeleton,Membrane,Cytoplasm,myofibril,sarcomere,M line,Apical cell membrane,Cell membrane,Cell junction,synapse,postsynaptic cell membrane"
"Arf-GAP with GTPase, ANK repeat and PH domain-containing protein 3",Q8VHH5,Cytoplasm
"Arf-GAP with SH3 domain, ANK repeat and PH domain-containing protein 1",E9QMJ1,Not Found
Armadillo repeat-containing X-linked protein 2,Q6A058,"Membrane,Single-pass membrane protein"
Aspartyl/asparaginyl beta-hydroxylase,Q8BSY0,"Endoplasmic reticulum membrane,Single-pass type II membrane protein,Sarcoplasmic reticulum membrane,Single-pass type II membrane protein"
"Armadillo repeat-containing, X-linked 4",E9PWM3,Not Found
Angiomotin,Q8VHG2,"Cell junction,tight junction"
AP2-associated protein kinase 1,Q3UHJ0,"Cell membrane,Peripheral membrane protein,Membrane,clathrin-coated pit"
AT-hook DNA-binding motif-containing protein 1,Q6PAL7,Not Found
AT-rich interactive domain 1B (SWI-like),E9Q4N6,Nucleus
AH receptor-interacting protein,O08915,Cytoplasm
Ankyrin repeat and sterile alpha motif domain-containing protein 1B,Q8BIZ1,"Cytoplasm,Nucleus,Cell junction,synapse,postsynaptic cell membrane,postsynaptic density,Cell projection,dendritic spine,Nucleus"
Ataxin-2-like protein,Q7TQH0,"Membrane,Peripheral membrane protein,Cytoplasm,Nucleus speckle,Cytoplasmic granule"
"ATP synthase subunit beta, mitochondrial",P56480,"Mitochondrion,Mitochondrion inner membrane"
Astrotactin-1,Q61137,"Cell membrane,Multi-pass membrane protein,Perikaryon,Endosome,Cytoplasmic vesicle,clathrin-coated vesicle"
"ATP synthase subunit f, mitochondrial",P56135,"Mitochondrion,Mitochondrion inner membrane,Single-pass membrane protein"
"ATP synthase subunit gamma, mitochondrial",Q91VR2,"Mitochondrion,Mitochondrion inner membrane,Peripheral membrane protein"
"ATP synthase-coupling factor 6, mitochondrial",P97450,"Mitochondrion,Mitochondrion inner membrane"
Ataxin-1,P54254,"Cytoplasm,Nucleus"
Calcium-transporting ATPase,E9Q828,"Membrane,Multi-pass membrane protein"
"ATP synthase subunit g, mitochondrial",Q9CPQ8,"Mitochondrion,Mitochondrion inner membrane"
Sarcoplasmic/endoplasmic reticulum calcium ATPase 1,Q8R429,"Endoplasmic reticulum membrane,Multi-pass membrane protein,Sarcoplasmic reticulum membrane,Multi-pass membrane protein"
Ataxin-2,O70305,Cytoplasm
Calcium-transporting ATPase,D1FNM8,"Membrane,Multi-pass membrane protein"
"V-type proton ATPase subunit B, brain isoform",P62814,"Endomembrane system,Peripheral membrane protein,Melanosome"
Sarcoplasmic/endoplasmic reticulum calcium ATPase 2,O55143,"Endoplasmic reticulum membrane,Multi-pass membrane protein,Sarcoplasmic reticulum membrane,Multi-pass membrane protein"
Sodium/potassium-transporting ATPase subunit alpha-1,Q8VDN2,"Cell membrane,Multi-pass membrane protein"
Abca7 protein,B7ZNA4,integral component of membrane
Late secretory pathway protein AVL9 homolog,Q80U56,"Recycling endosome,Membrane,Single-pass membrane protein"
Atp2b1 protein,Q8K314,integral component of membrane
Sodium/potassium-transporting ATPase subunit alpha-2,Q6PIE5,"Membrane,Multi-pass membrane protein,Cell membrane,Multi-pass membrane protein"
Sodium/potassium-transporting ATPase subunit alpha-3,Q6PIC6,"Cell membrane,Multi-pass membrane protein"
"ATP synthase subunit alpha, mitochondrial",Q03265,"Mitochondrion inner membrane,Cell membrane,Peripheral membrane protein,Extracellular side"
Bone morphogenetic protein receptor type-2,O35607,"Cell membrane,Single-pass type I membrane protein"
Potassium-transporting ATPase alpha chain 1,Q64436,"Cell membrane,Multi-pass membrane protein"
Autophagy-related protein 16-1,Q8C0J2,"Cytoplasm,Preautophagosomal structure membrane,Peripheral membrane protein"
Citrate synthase,Q80X68,mitochondrion
Bromodomain PHD finger transcription factor,A2A653,"extracellular exosome,nuclear chromatin,nucleoplasm,nucleus,NURF complex"
Adhesion G protein-coupled receptor B3,Q80ZF8,"Cell membrane,Multi-pass membrane protein"
Brain-enriched guanylate kinase-associated protein,Q68EF6,"Cytoplasm,Membrane,Peripheral membrane protein"
Breast carcinoma-amplified sequence 3 homolog,Q8CCN5,"Nucleus,Cytoplasm,Cytoplasm,cytoskeleton"
Protein bassoon,O88737,"Cytoplasm,Cell junction,synapse,synaptosome,Cytoplasm,cytoskeleton"
Voltage-dependent L-type calcium channel subunit beta-3,P54285,"apical plasma membrane,L-type voltage-gated calcium channel complex,membrane,plasma membrane,voltage-gated calcium channel complex"
Bromodomain PHD finger transcription factor,A2A654,"extracellular exosome,nuclear chromatin,nucleoplasm,nucleus,NURF complex"
C2 domain-containing protein 2-like,Q80X80,"Membrane,Single-pass membrane protein"
Cadherin-20,Q9Z0M3,"Cell membrane,Single-pass type I membrane protein"
Voltage-dependent N-type calcium channel subunit alpha-1B,O55017,"Membrane,Multi-pass membrane protein"
Putative uncharacterized protein,Q3TY93,Not Found
Voltage-dependent T-type calcium channel subunit alpha,E9PWL1,"Membrane,Multi-pass membrane protein"
Voltage-dependent P/Q-type calcium channel subunit alpha-1A,P97445,"Cell membrane,Multi-pass membrane protein"
Calcium/calmodulin-dependent protein kinase type II subunit alpha,P11798,"Cytoplasm,Cell junction,synapse,presynaptic cell membrane,Cell junction,synapse"
Calcium/calmodulin-dependent protein kinase type 1D,Q8BW96,"Cytoplasm,Nucleus"
"Calcium/calmodulin-dependent protein kinase II, beta, isoform CRA_b",Q5SVJ0,Not Found
Voltage-dependent calcium channel gamma-3 subunit,Q9JJV5,"Membrane,Multi-pass membrane protein"
Calcium/calmodulin-dependent protein kinase type IV,P08414,"Cytoplasm,Nucleus"
Protein capicua homolog,E9Q6T8,"nucleus,protein complex"
Calcium/calmodulin-dependent protein kinase type II subunit delta,Q6PHZ2,"Cell membrane,sarcolemma,Peripheral membrane protein,Cytoplasmic side,Sarcoplasmic reticulum membrane,Peripheral membrane protein,Cytoplasmic side"
Calmodulin-regulated spectrin-associated protein 1,A2AHC3,"Cytoplasm,cytoskeleton"
ATP-dependent (S)-NAD(P)H-hydrate dehydratase,Q9CZ42,Mitochondrion
Casein kinase II subunit alpha',O54833,"nucleus,protein kinase CK2 complex"
Ctnnd2 protein,B7ZNF6,Not Found
Casein kinase I isoform delta,Q9DC28,"Cytoplasm,Nucleus,Cytoplasm,cytoskeleton,microtubule organizing center,centrosome,Cytoplasm,perinuclear region,Cell membrane,Cytoplasm,cytoskeleton,spindle,Golgi apparatus"
Caskin-1,Q6P9K8,Cytoplasm
Catenin alpha-3,Q65CL1,"Cytoplasm,cytoskeleton"
Catenin delta-2,O35927,"Nucleus,Cell junction,adherens junction,Cell projection,dendrite,Perikaryon"
CAP-Gly domain-containing linker protein 1,Q922J3,"Cytoplasm,Cytoplasm,cytoskeleton,Cytoplasmic vesicle membrane,Peripheral membrane protein,Cytoplasmic side,Cell projection,ruffle"
CCR4-NOT transcription complex subunit 1,Q6ZQ08,"Cytoplasm,P-body,Nucleus,Cytoplasm"
CCR4-NOT transcription complex subunit 2,Q8C5L3,"Cytoplasm,Nucleus"
CCR4-NOT transcription complex subunit 4,Q8BT14,"Cytoplasm,Nucleus"
CAD protein,B2RQC6,"Cytoplasm,Nucleus"
Serine/threonine-protein kinase MRCK alpha,Q3UU96,Cytoplasm
Muscarinic acetylcholine receptor M4,P32211,"Cell membrane,Multi-pass membrane protein,Cell junction,synapse,postsynaptic cell membrane,Multi-pass membrane protein"
Centrosomal protein of 170 kDa,Q6A065,"Cytoplasm,cytoskeleton,microtubule organizing center,centrosome,centriole,Cytoplasm,cytoskeleton,spindle"
Catenin beta-1,Q02248,"Cytoplasm,Cytoplasm,cytoskeleton,Nucleus,Cell junction,adherens junction,Cell membrane,Cytoplasm,cytoskeleton,microtubule organizing center,centrosome,Cytoplasm,cytoskeleton,spindle pole"
Chromodomain-helicase-DNA-binding protein 8,Q09XV5,Nucleus
Claudin-12,Q9ET43,"Cell junction,tight junction,Cell membrane,Multi-pass membrane protein"
Claudin-11,Q60771,"Cell junction,tight junction,Cell membrane,Multi-pass membrane protein"
Proline-rich 36,E9PV26,Not Found
Clathrin interactor 1,Q5SUH6,"Golgi apparatus,membrane"
Phospholipid phosphatase-related protein type 3,Q7TPB0,"Membrane,Multi-pass membrane protein"
CLIP-associating protein 2,Q8BRT1,"Cytoplasm,cytoskeleton,Cytoplasm,cytoskeleton,microtubule organizing center,centrosome,Chromosome,centromere,kinetochore,Cytoplasm,cytoskeleton,spindle,Cytoplasm,cytoskeleton,spindle pole,Golgi apparatus,Golgi apparatus,trans-Golgi network,Cell membrane,Cell projection,ruffle membrane"
Coiled-coil domain-containing protein 134,Q8C7V8,Secreted
MICOS complex subunit Mic25,Q91VN4,"Mitochondrion inner membrane,Lipid-anchor,Mitochondrion"
Dihydropyrimidinase-related protein 1,P97427,"Cytoplasm,Cytoplasm,cytoskeleton,microtubule organizing center,centrosome,Cytoplasm,cytoskeleton,spindle"
Cortactin-binding protein 2,B9EJA2,"Cytoplasm,cell cortex,Cell projection,dendritic spine"
Src substrate cortactin,Q60598,"Cytoplasm,cytoskeleton,Cell projection,lamellipodium,Cell projection,ruffle,Cytoplasm,cell cortex,Cell projection,Cell projection,podosome,Cell projection,dendritic spine,Cell projection,dendrite,Cell membrane,Peripheral membrane protein,Cytoplasmic side,Cell junction,Membrane,clathrin-coated pit,Cell junction,focal adhesion"
Chromosome transmission fidelity protein 8 homolog isoform 2,P0CG14,Nucleus
Coronin-1B,Q9WUM3,"Cytoplasm,cytoskeleton"
MKIAA1884 protein,Q571B7,Not Found
Metal transporter CNNM1,Q0GA42,"Cell membrane,Multi-pass membrane protein"
Coxsackievirus and adenovirus receptor homolog,P97792,"Cell membrane,Single-pass type I membrane protein,Basolateral cell membrane,Single-pass type I membrane protein,Cell junction,tight junction,Cell junction,adherens junction,Secreted"
Coiled-coil domain containing 28A,Q3UFK1,Not Found
Cyclin-dependent kinase 12,Q14AX6,"Nucleus,Nucleus speckle"
"Cytochrome c oxidase subunit 5A, mitochondrial",P12787,Mitochondrion inner membrane
Cysteine-rich protein 2,Q9DCT8,"cell cortex,extracellular matrix"
Cyclin-dependent kinase 13,Q69ZA1,Nucleus speckle
Connector enhancer of kinase suppressor of ras 2,Q80YA9,"Cytoplasm,Membrane,Peripheral membrane protein"
Cysteine and glycine-rich protein 1,P97315,Nucleus
Cytoplasmic FMR1-interacting protein 2,Q5SQX6,"Cytoplasm,Nucleus,Cytoplasm,perinuclear region,Cell junction,synapse,synaptosome"
Cytoskeleton-associated protein 5,A2AGT5,"Cytoplasm,cytoskeleton,microtubule organizing center,centrosome,Cytoplasm,cytoskeleton,spindle pole,Cytoplasm,cytoskeleton,spindle,Chromosome,centromere,kinetochore"
Dedicator of cytokinesis protein 4,P59764,"Cell membrane,Cytoplasm,cytosol"
"Cytochrome c oxidase subunit 6A1, mitochondrial",P43024,Mitochondrion inner membrane
CREB-binding protein,P45481,"Cytoplasm,Nucleus"
Death-inducer obliterator 1,Q8C9B9,"Cytoplasm,Nucleus,Cytoplasm,cytoskeleton,spindle"
Netrin receptor DCC,P70211,"Membrane,Single-pass type I membrane protein"
Diacylglycerol kinase,D3YXJ0,"cytoplasm,endosome"
Dihydropyrimidinase-related protein 2,O08553,"Cytoplasm,cytosol,Cytoplasm,cytoskeleton,Membrane"
Diacylglycerol kinase,E9PUQ8,"cytoplasm,cytoplasmic vesicle,cytosol,plasma membrane"
Dedicator of cytokinesis protein 7,Q8R1A4,"Cell projection,axon"
"N(G),N(G)-dimethylarginine dimethylaminohydrolase 2",Q99LD8,"Cytoplasm,Mitochondrion"
Exosome complex exonuclease RRP44,Q9CSH3,"Cytoplasm,Nucleus,nucleolus,Nucleus,nucleoplasm,Nucleus"
"N(G),N(G)-dimethylarginine dimethylaminohydrolase 1",Q9CWS0,"extracellular exosome,mitochondrion"
Dihydropyrimidinase-related protein 5,Q9EQF6,Cytoplasm
Disks large-associated protein 1,Q9D415,"Cell membrane,Peripheral membrane protein,Cell junction,synapse,postsynaptic cell membrane,postsynaptic density,Cell junction,synapse"
Disks large-associated protein 1,E9QAR5,synapse
Disks large-associated protein 3,Q6PFD5,"Cell membrane,Peripheral membrane protein,Cell junction,synapse,postsynaptic cell membrane,postsynaptic density,Cell junction,synapse"
"Discs, large homolog 5 (Drosophila)",E9Q9I2,"cell-cell adherens junction,cell junction"
Disabled homolog 2-interacting protein,Q3UHC7,"Cytoplasm,Cell membrane,Peripheral membrane protein,Cell projection,dendrite"
Disks large-associated protein 2,Q8BJ42,"Cell membrane,Peripheral membrane protein,Cell junction,synapse,postsynaptic cell membrane,postsynaptic density,Cell junction,synapse"
Disks large homolog 2,Q91XM9,"Cell membrane,Lipid-anchor,Cell junction,synapse,postsynaptic cell membrane,postsynaptic density,Cell junction,synapse,Membrane,Cell projection,axon"
DmX-like protein 2,Q8BPN8,"Cytoplasmic vesicle,secretory vesicle,synaptic vesicle membrane,Peripheral membrane protein"
Phospholipid phosphatase-related protein type 4,Q7TME0,"Membrane,Multi-pass membrane protein"
PEAK1-related kinase-activating pseudokinase 1,E9QLH9,Not Found
Disks large-associated protein 4,B1AZP2,"Membrane,Peripheral membrane protein"
"DnaJ homolog subfamily A member 3, mitochondrial",Q99M87,"Mitochondrion matrix,Cytoplasm,cytosol,Cell junction,synapse,postsynaptic cell membrane,Peripheral membrane protein"
Serine/threonine-protein kinase DCLK1,Q9JLM8,"intracellular,postsynaptic density"
DnaJ homolog subfamily B member 5,O89114,"cytosol,nucleus"
Putative tyrosine-protein phosphatase auxilin,Q80TZ3,"intracellular,postsynaptic density,synapse,vesicle"
Drebrin-like protein,Q62418,"Cytoplasm,cytoskeleton,Cell projection,lamellipodium,Cell projection,ruffle,Cytoplasm,cell cortex,Cytoplasm,cytosol,Cell junction,synapse,Cell projection,Cell membrane,Peripheral membrane protein,Cytoplasmic side,Cytoplasmic vesicle,clathrin-coated vesicle membrane,Peripheral membrane protein,Cytoplasmic side,Golgi apparatus membrane,Peripheral membrane protein,Cytoplasmic side,Cell projection,podosome,Early endosome"
Dynactin subunit 1,O08788,"Cytoplasm,Cytoplasm,cytoskeleton,Cytoplasm,cytoskeleton,microtubule organizing center,centrosome,Cytoplasm,cytoskeleton,microtubule organizing center,centrosome,centriole,Cytoplasm,cytoskeleton,spindle,Nucleus envelope"
DnaJ homolog subfamily B member 1,Q9QYJ3,"Cytoplasm,Nucleus,Nucleus,nucleolus"
Dynactin subunit 4,Q8CBY8,"Cytoplasm,cytoskeleton,Cytoplasm,cytoskeleton,microtubule organizing center,centrosome,Cytoplasm,myofibril,sarcomere"
Protein SON,Q9QX47,Nucleus speckle
Cytoplasmic dynein 1 light intermediate chain 1,Q8R1Q8,"Cytoplasm,Chromosome,centromere,kinetochore,Cytoplasm,cytoskeleton,spindle pole"
Dual specificity tyrosine-phosphorylation-regulated kinase 1B,Q9Z188,Nucleus
Dystrophin,P11531,"Cell membrane,sarcolemma,Peripheral membrane protein,Cytoplasmic side,Cytoplasm,cytoskeleton,Cell junction,synapse,postsynaptic cell membrane"
Eml1 protein,B9EKL9,Not Found
ETS-related transcription factor Elf-2,Q9JHC9,Nucleus
Early growth response protein 1,P08046,"Nucleus,Cytoplasm"
Echinoderm microtubule-associated protein-like 1,Q05BC3,"Cytoplasm,Cytoplasm,perinuclear region,Cytoplasm,cytoskeleton"
Putative uncharacterized protein,Q3TRG3,presynaptic active zone
ELKS/Rab6-interacting/CAST family member 1,Q99MI1,"Cytoplasm,Membrane,Peripheral membrane protein,Golgi apparatus membrane,Peripheral membrane protein"
ERC protein 2,Q3UHT7,presynaptic active zone
Erythrocyte protein band 4.1-like 1,B6ZHC4,cytoskeleton
E1A-binding protein p400,Q8CHI8,Nucleus
Band 4.1-like protein 1,Q9Z2H5,"Cytoplasm,cytoskeleton"
Band 4.1-like protein 1,E9PV14,"cytoplasm,cytoskeleton,extrinsic component of membrane"
Dystonin,Q91ZU6,"Cytoplasm,cytoskeleton,Cell projection,axon,Membrane,Cytoplasm,cytoskeleton,Cell membrane,sarcolemma,Cytoplasm,myofibril,sarcomere,Z line,Cytoplasm,myofibril,sarcomere,H zone,Cytoplasm,cytoskeleton,Cytoplasm,cytoskeleton,Cell junction,hemidesmosome,Nucleus,Nucleus envelope,Membrane,Single-pass membrane protein,Endoplasmic reticulum membrane,Single-pass membrane protein,Cytoplasm,cytoskeleton,Cytoplasm,cytoskeleton,Cytoplasm,cell cortex,Cell membrane,Lipid-anchor"
Epsin-1,Q80VP1,"Cytoplasm,Cell membrane,Peripheral membrane protein,Nucleus,Membrane,clathrin-coated pit"
Sickle tail protein,A2AQ25,Cytoplasm
Band 4.1-like protein 2,O70318,"Cytoplasm,cytoskeleton,Cell membrane"
Erythrocyte protein band 4.1-like 2,B6ZHC5,"cytoplasm,cytoskeleton,extrinsic component of membrane"
Erbin,Q80TH2,"Cell junction,hemidesmosome,Nucleus membrane,Basolateral cell membrane"
Ectonucleoside triphosphate diphosphohydrolase 3,Q8BFW6,"integral component of membrane,plasma membrane"
Band 4.1-like protein 4B,A2ALK6,"cytoplasm,cytoskeleton,extrinsic component of membrane"
Elongation factor 1-alpha 1,P10126,"Cytoplasm,Nucleus,Nucleus,nucleolus"
Transmembrane protein 263,Q9DAM7,"Membrane,Multi-pass membrane protein"
Eukaryotic translation initiation factor 2 subunit 1,Q6ZWX6,Cytoplasmic granule
Band 4.1-like protein 3,Q9WV92,"Cytoplasm,cytoskeleton,Cell membrane,Peripheral membrane protein,Cytoplasmic side,Cytoplasm,Cell junction"
Eukaryotic translation initiation factor 4H,Q9WUK2,"Cytoplasm,perinuclear region"
Dematin,Q9WV69,"Cytoplasm,Cytoplasm,cytosol,Cytoplasm,perinuclear region,Cytoplasm,cytoskeleton,Cell membrane,Membrane,Endomembrane system,Cell projection"
Transmembrane protein 266,Q8BZB3,"Membrane,Multi-pass membrane protein,Cell membrane,Multi-pass membrane protein"
PHD finger protein 24,Q80TL4,Not Found
Protein enabled homolog,Q03173,"Cytoplasm,Cytoplasm,cytoskeleton,Cell projection,lamellipodium,Cell projection,filopodium,Cell junction,synapse,Cell junction,focal adhesion"
Protein FAM168A,Q8BGZ2,Not Found
Elongation factor 1-alpha 2,P62631,Nucleus
Protein FAM117B,Q3U3E2,Not Found
Protein FAM163B,Q8BUM6,"Membrane,Single-pass membrane protein"
Tubulin beta-4B chain,P68372,"Cytoplasm,cytoskeleton"
Protein FAM135B,Q9DAI6,Not Found
Protein FAM193A,Q8CGI1,Not Found
Fibroblast growth factor receptor substrate 3,Q91WJ0,"Membrane,Lipid-anchor"
"Family with sequence similarity 171, member A1",A2ATK9,"extracellular exosome,integral component of membrane"
FERM domain-containing protein 4A,Q8BIE6,"Cytoplasm,cytoskeleton"
Filaggrin-2,Q2VIS4,"Cytoplasm,Cytoplasmic granule"
Protein FAM102A,Q78T81,Not Found
Pre-mRNA 3'-end-processing factor FIP1,Q9D824,Nucleus
F-box only protein 41,Q6NS60,Not Found
Forkhead box protein K2,Q3UCQ1,Nucleus
ARF GTPase-activating protein GIT1,Q68FF6,Cytoplasm
Formin-2,Q9JL04,"Cytoplasm,cytoskeleton,Cytoplasm,cytosol,Cell membrane,Peripheral membrane protein,Cytoplasmic side,Cytoplasm,cell cortex,Nucleus,nucleolus,Cytoplasmic vesicle membrane,Peripheral membrane protein,Cytoplasmic side"
Armadillo repeat-containing X-linked protein 5,Q3UZB0,Not Found
G protein-regulated inducer of neurite outgrowth 1,Q3UNH4,"Cell membrane,Lipid-anchor,Cell projection,growth cone"
Transcriptional repressor p66 alpha,Q8CHY6,Nucleus speckle
Transcriptional repressor p66-beta,Q8VHR5,Nucleus speckle
Gephyrin,Q8BUV3,"Cell junction,synapse,Cell junction,synapse,postsynaptic cell membrane,Peripheral membrane protein,Cytoplasmic side,Cytoplasm,cytoskeleton,Cell membrane,Peripheral membrane protein,Cytoplasmic side,Cell projection,dendrite"
Gephyrin,A0JNY3,"dendrite,postsynaptic membrane"
Gelsolin,P13020,"Cytoplasm,cytoskeleton,Secreted"
Gametogenetin-binding protein 2,Q5SV77,Cytoplasmic vesicle
"Glutamate receptor ionotropic, NMDA3A",A2AIR4,"Cell junction,synapse,postsynaptic cell membrane"
"Glutamate receptor ionotropic, kainate 3",B1AS29,"Cell membrane,Multi-pass membrane protein,Cell junction,synapse,postsynaptic cell membrane,Multi-pass membrane protein"
"Glutamate receptor ionotropic, delta-2",Q61625,"Cell membrane,Multi-pass membrane protein,Cell junction,synapse,postsynaptic cell membrane,Multi-pass membrane protein"
"Glutamate receptor ionotropic, NMDA 2C",Q01098,"Cell membrane,Multi-pass membrane protein,Cell junction,synapse,postsynaptic cell membrane,Multi-pass membrane protein"
"Glutamate receptor ionotropic, delta-1",Q61627,"Cell membrane,Multi-pass membrane protein,Cell junction,synapse,postsynaptic cell membrane,Multi-pass membrane protein"
"Glutamate receptor ionotropic, NMDA 2B",Q01097,"Cell membrane,Multi-pass membrane protein,Cell junction,synapse,postsynaptic cell membrane,Multi-pass membrane protein"
Glutamate receptor 4,Q9Z2W8,"Cell membrane,Multi-pass membrane protein,Cell junction,synapse,postsynaptic cell membrane,Multi-pass membrane protein,Cell projection,dendrite"
Metabotropic glutamate receptor 5,Q3UVX5,"Cell membrane,Multi-pass membrane protein"
Glycogen synthase kinase-3 beta,Q9WV60,"Cytoplasm,Nucleus,Cell membrane"
ADP-ribosylation factor-binding protein GGA3,Q8BMI3,"Golgi apparatus,trans-Golgi network membrane,Peripheral membrane protein,Endosome membrane,Peripheral membrane protein"
Guanine nucleotide-binding protein G(s) subunit alpha isoforms short,P63094,"Cell membrane,Lipid-anchor"
Golgin subfamily A member 3,P55937,"Cytoplasm,Golgi apparatus,Golgi stack membrane,Peripheral membrane protein"
Glutamine synthetase,P15105,"Cytoplasm,Mitochondrion"
Golgin subfamily A member 5,Q9QYE6,"Golgi apparatus membrane,Single-pass type IV membrane protein"
Guanine nucleotide-binding protein G(i) subunit alpha-2,P08752,"Cytoplasm,Cytoplasm,cytoskeleton,microtubule organizing center,centrosome,Cell membrane,Membrane,Lipid-anchor"
GRB2-associated-binding protein 1,Q9QYY0,cytoplasm
Neuromodulin,P06837,"Cell membrane,Peripheral membrane protein,Cytoplasmic side,Cell projection,growth cone membrane,Peripheral membrane protein,Cytoplasmic side,Cell junction,synapse,Cell projection,filopodium membrane,Peripheral membrane protein"
PERQ amino acid-rich with GYF domain-containing protein 2,Q6Y7W8,"cell-cell adherens junction,cytoplasm,cytoplasmic stress granule,cytosol,endoplasmic reticulum,endosome,Golgi apparatus,integral component of membrane,membrane,perikaryon,proximal dendrite,vesicle"
Guanine nucleotide-binding protein G(k) subunit alpha,Q9DC51,"Cytoplasm,Cell membrane,Cytoplasm,cytoskeleton,microtubule organizing center,centrosome,Membrane,Lipid-anchor"
Guanine nucleotide-binding protein subunit alpha-12,P27600,"Membrane,Lipid-anchor"
Guanine nucleotide-binding protein subunit alpha-13,P27601,"Membrane,Lipid-anchor,Melanosome,Cytoplasm,Nucleus"
Guanine nucleotide-binding protein G(I)/G(S)/G(T) subunit beta-1,P62874,"cell body,dendrite,extracellular exosome,extracellular vesicle,heterotrimeric G-protein complex,lysosomal membrane,myelin sheath,photoreceptor inner segment,photoreceptor outer segment,photoreceptor outer segment membrane,plasma membrane"
Guanine nucleotide-binding protein G(i) subunit alpha-1,B2RSH2,"Nucleus,Cytoplasm,Cell membrane,Peripheral membrane protein,Cytoplasmic side,Cytoplasm,cytoskeleton,microtubule organizing center,centrosome,Membrane,Lipid-anchor"
Guanine nucleotide-binding protein G(o) subunit alpha,P18872,"Cell membrane,Membrane,Lipid-anchor"
Heat shock protein HSP 90-beta,E9Q3D6,mitochondrion
HECT and RLD domain-containing E3 ubiquitin protein ligase family member 1,E9PZP8,Not Found
Guanine nucleotide-binding protein G(olf) subunit alpha,Q8CGK7,"extracellular exosome,heterotrimeric G-protein complex"
Heat shock 70 kDa protein 12A,Q8K0U4,extracellular exosome
Alpha-globin,A8DUV1,hemoglobin complex
Hepatocyte cell adhesion molecule,Q640R3,"Cytoplasm,Membrane,Single-pass type I membrane protein,Cytoplasmic side"
Histone H2B type 1-F/J/L,P10853,"Nucleus,Chromosome"
Heterogeneous nuclear ribonucleoprotein A0,Q9CX86,Nucleus
Heterogeneous nuclear ribonucleoprotein A3,Q8BG05,Nucleus
Transcription factor HIVEP2,Q3UHF7,Nucleus
Homer protein homolog 1,Q9Z2Y3,"Cytoplasm,Cell junction,synapse,postsynaptic cell membrane,postsynaptic density,Cell junction,synapse"
Hemoglobin subunit alpha,P01942,"blood microparticle,cytosolic small ribosomal subunit,extracellular exosome,haptoglobin-hemoglobin complex,hemoglobin complex,membrane,myelin sheath"
Potassium/sodium hyperpolarization-activated cyclic nucleotide-gated channel 4,O70507,"Cell membrane,Multi-pass membrane protein"
Potassium/sodium hyperpolarization-activated cyclic nucleotide-gated channel 1,O88704,"Cell membrane,Multi-pass membrane protein"
Immunoglobulin superfamily member 11,P0C673,"Cell membrane,Single-pass type I membrane protein"
Elongator complex protein 1,Q7TT37,"Cytoplasm,Nucleus"
Potassium/sodium hyperpolarization-activated cyclic nucleotide-gated channel 2,O88703,"Cell membrane,Multi-pass membrane protein"
Transcription factor HIVEP3,A2A884,"Cytoplasm,Nucleus"
Interleukin-6 receptor subunit beta,Q00560,"Cell membrane,Single-pass type I membrane protein"
Inositol polyphosphate 1-phosphatase,P49442,Not Found
IQ motif and SEC7 domain-containing protein 1,E9PUA3,nucleolus
Intermediate filament family orphan 1,Q8BXL9,intermediate filament
Insulin receptor substrate 2,P81122,"Cytoplasm,cytosol"
Host cell factor 1,Q61191,"Nucleus,Cytoplasm"
IQ motif and SEC7 domain-containing protein 2,Q5DU25,Cytoplasm
Alpha-internexin,P46660,"cytoplasmic ribonucleoprotein granule,extracellular space,intermediate filament cytoskeleton,myelin sheath,neurofilament,nuclear membrane,nucleoplasm"
IQ motif and SEC7 domain-containing protein 1,Q8R0S2,"Cytoplasm,Nucleus"
"Keratin, type II cytoskeletal 2 epidermal",Q3TTY5,"extracellular exosome,extracellular space,keratin filament,membrane,nucleus"
Lysine-specific demethylase 3B,Q6ZPY7,Nucleus
"Isocitrate dehydrogenase [NAD] subunit alpha, mitochondrial",Q9D6R2,Mitochondrion
Kinase suppressor of Ras 2,Q3UVC0,"Cytoplasm,Membrane,Peripheral membrane protein"
"Keratin, type II cytoskeletal 1",P04104,Cell membrane
Leucine-rich repeat-containing protein 4B,P0C192,"Membrane,Single-pass membrane protein,Cell junction,synapse,presynaptic cell membrane"
"Keratin, type II cytoskeletal 5",Q922U2,"cytoplasm,extracellular exosome,intermediate filament,keratin filament,membrane,mitochondrion,nucleus,plasma membrane"
Leucine zipper protein 1,Q8R4U7,Nucleus
Leucine-rich repeat-containing protein 7,Q80TE7,"Cytoplasm,Cell junction,synapse,postsynaptic cell membrane,postsynaptic density"
Leucine-rich repeat transmembrane neuronal protein 4,Q80XG9,"Cell membrane,Single-pass type I membrane protein,Cell junction,synapse,postsynaptic cell membrane,Single-pass type I membrane protein"
Serine/threonine-protein kinase LMTK3,Q5XJV6,"Membrane,Single-pass membrane protein,Cell projection,axon,Cell projection,dendrite,Golgi apparatus membrane"
La-related protein 4B,Q6A0A2,"Cytoplasm,cytosol"
LIM and SH3 domain protein 1,Q61792,"Cytoplasm,cell cortex,Cytoplasm,cytoskeleton"
Adhesion G protein-coupled receptor L3,Q80TS3,"Cell membrane,Multi-pass membrane protein,Cell projection,axon,Cell junction"
LIM and calponin homology domains-containing protein 1,D3YU59,Not Found
Lipoma-preferred partner homolog,Q8BFW7,"Nucleus,Cytoplasm,Cell junction"
Protein ELFN1,Q8C8T7,"Membrane,Single-pass type I membrane protein,Cell projection,dendrite"
Protein lunapark,Q7TQ95,"Endoplasmic reticulum membrane,Multi-pass membrane protein"
Serine/threonine-protein kinase LMTK3,Q5XJV6,"Membrane,Single-pass membrane protein,Cell projection,axon,Cell projection,dendrite,Golgi apparatus membrane"
Protein lin-7 homolog A,Q8JZS0,"Cell membrane,Peripheral membrane protein,Basolateral cell membrane,Peripheral membrane protein,Cell junction,Cell junction,synapse,postsynaptic cell membrane,postsynaptic density,Peripheral membrane protein,Cell junction,tight junction,Cell junction,synapse,synaptosome"
MAP6 domain-containing protein 1,Q14BB9,"Golgi apparatus,Cytoplasm,cytoskeleton"
"Malate dehydrogenase, mitochondrial",P08249,Mitochondrion matrix
Serine/threonine-protein kinase MARK1,Q8VHJ5,"Cell membrane,Peripheral membrane protein,Cytoplasm,cytoskeleton"
MAP/microtubule affinity-regulating kinase 3,Q03141,"Cell membrane,Peripheral membrane protein"
MAP7 domain-containing protein 2,A2AG50,microtubule cytoskeleton
MAP kinase-activating death domain protein,Q80U28,"Membrane,Cytoplasm"
C-type mannose receptor 2,Q64449,"Membrane,Single-pass type I membrane protein"
"Membrane-associated guanylate kinase, WW and PDZ domain-containing protein 1",Q6RHR9,"Cytoplasm,Cell membrane,Peripheral membrane protein,Cell junction,tight junction,Cytoplasm,Cell membrane,Peripheral membrane protein,Nucleus"
Melanoma inhibitory activity protein 3,Q8BI84,"Endoplasmic reticulum membrane,Single-pass membrane protein"
MAGUK p55 subfamily member 5,Q9JLB2,"Cell membrane,Peripheral membrane protein,Endomembrane system,Peripheral membrane protein,Cell junction,tight junction"
Mediator of RNA polymerase II transcription subunit 1,Q925J9,Nucleus
MTSS1-like protein,Q6P9S0,"Cytoplasm,Cell projection,ruffle"
MAGUK p55 subfamily member 2,Q9WV34,"Cell projection,dendrite,Cell projection,dendritic spine membrane,Cell junction,synapse,postsynaptic cell membrane,postsynaptic density,Cytoplasm,cytoskeleton,Membrane"
Lysine-specific demethylase 6A,O70546,Nucleus
MKIAA0429 protein,Q6ZQB7,Not Found
MFLJ00139 protein,Q5DU62,Not Found
Serine/threonine-protein kinase MARK2,Q05512,"Cell membrane,Peripheral membrane protein,Lateral cell membrane,Cytoplasm,cytoskeleton,Cytoplasm"
Methyl-CpG-binding protein 2,Q9Z2D6,Nucleus
Microtubule-associated protein 1B,B2RQQ5,microtubule
S-adenosylmethionine synthase isoform type-2,Q3THS6,"cytosol,methionine adenosyltransferase complex"
Microtubule-associated protein 1A,Q9QYR6,"Cytoplasm,cytoskeleton"
Microtubule-associated serine/threonine-protein kinase 4,Q811L6,Cytoplasm
Microtubule-actin cross-linking factor 1,B1ARU1,cytoskeleton
MAP7 domain-containing protein 1,A2AJI0,"Cytoplasm,cytoskeleton,spindle"
Microtubule-associated protein 6,Q7TSJ2,"Cytoplasm,cytoskeleton,Golgi apparatus"
Misshapen-like kinase 1,Q9JM52,"Cytoplasm,Cell junction,synapse,postsynaptic cell membrane,postsynaptic density,Cell projection,axon,Cell projection,dendrite"
C-Jun-amino-terminal kinase-interacting protein 1,Q9WVI9,"Cytoplasm,Cytoplasm,perinuclear region,Nucleus,Endoplasmic reticulum membrane,Mitochondrion membrane"
Mitochondrial antiviral-signaling protein,Q8VCF0,"Mitochondrion outer membrane,Mitochondrion,Peroxisome"
Mitogen-activated protein kinase kinase kinase 7,A2AP92,intracellular
Mitogen-activated protein kinase kinase kinase 7,Q62073,"Cytoplasm,Cell membrane,Peripheral membrane protein,Cytoplasmic side"
Map4k4 protein,B2RUE8,Not Found
MKL/myocardin-like protein 2,P59759,Nucleus
"Myeloid/lymphoid or mixed-lineage leukemia; translocated to, 6",B1AR09,Not Found
Mitogen-activated protein kinase kinase kinase 5,O35099,"Cytoplasm,Endoplasmic reticulum"
Microtubule-associated protein 4,P27546,"Cytoplasm,cytoskeleton"
Microtubule-associated protein 2,P20357,"Cytoplasm,cytoskeleton"
Germinal-center associated nuclear protein,Q9WUU9,"Cytoplasm,Nucleus,Nucleus,nuclear pore complex"
Myelin basic protein,P04370,"Myelin membrane,Peripheral membrane protein,Cytoplasmic side,Myelin membrane,Peripheral membrane protein,Cytoplasmic side,Myelin membrane,Peripheral membrane protein,Cytoplasmic side,Myelin membrane,Peripheral membrane protein,Cytoplasmic side,Myelin membrane,Peripheral membrane protein,Cytoplasmic side,Myelin membrane,Peripheral membrane protein,Cytoplasmic side,Myelin membrane,Peripheral membrane protein,Cytoplasmic side,Myelin membrane,Peripheral membrane protein,Cytoplasmic side,Myelin membrane,Peripheral membrane protein,Cytoplasmic side,Myelin membrane,Peripheral membrane protein,Cytoplasmic side,Cytoplasm,Nucleus,Cytoplasm,Nucleus,Cytoplasm,Nucleus"
Myotubularin-related protein 1,Q9Z2C4,"Cell membrane,Peripheral membrane protein,Cytoplasmic side,Cytoplasm"
Unconventional myosin-IXa,Q8C170,"Membrane,Single-pass membrane protein"
NADH dehydrogenase [ubiquinone] 1 beta subcomplex subunit 10,Q9DCS9,"Mitochondrion inner membrane,Peripheral membrane protein,Matrix side"
Nck-associated protein 1,P28660,"Cell membrane,Single-pass membrane protein,Cytoplasmic side,Cell projection,lamellipodium membrane,Single-pass membrane protein,Cytoplasmic side,Cytoplasm"
Neural cell adhesion molecule 1,P13595,"Cell membrane,Single-pass type I membrane protein,Cell membrane,Single-pass type I membrane protein,Cell membrane,Lipid-anchor,GPI-anchor"
Adaptin ear-binding coat-associated protein 1,Q9CR95,"Cytoplasmic vesicle,clathrin-coated vesicle membrane,Cell membrane"
"NADH dehydrogenase [ubiquinone] iron-sulfur protein 8, mitochondrial",Q8K3J1,Mitochondrion
Neural proliferation differentiation and control protein 1,A2AJ19,integral component of membrane
E3 ubiquitin-protein ligase NEDD4,P46935,"Cytoplasm,Cell membrane,Peripheral membrane protein"
Neural proliferation differentiation and control protein 1,Q64322,"Membrane,Single-pass membrane protein"
Myosin phosphatase Rho-interacting protein,P97434,"Cytoplasm,cytoskeleton"
NCK-interacting protein with SH3 domain,Q9ESJ4,Nucleus
Neurofilament light polypeptide,P08551,"axon,axon cytoplasm,cytoplasm,growth cone,intermediate filament,myelin sheath,neurofilament,neuron projection,TSC1-TSC2 complex"
E3 ubiquitin-protein ligase NEDD4-like,Q8CFI0,"Cytoplasm,Golgi apparatus,Endosome,multivesicular body"
Neurofilament medium polypeptide,P08553,"axon,myelin sheath,neurofilament,neuromuscular junction,neuron projection,postsynaptic density"
Neurobeachin,Q9EPN1,"Membrane,Peripheral membrane protein,Endomembrane system,Peripheral membrane protein,Cell junction,synapse,postsynaptic cell membrane,Peripheral membrane protein"
Neuron navigator 1,Q8CH77,"Cytoplasm,cytoskeleton"
Npas3 protein,Q0IJ77,Nucleus
Neurofilament heavy polypeptide,P19246,Cytoplasm
Neurotrimin,Q99PJ0,"Cell membrane,Lipid-anchor,GPI-anchor"
NHS-like protein 2,E9Q0V6,Not Found
Neuronal PAS domain-containing protein 3,Q9QZQ0,Nucleus
Niemann-Pick C1 protein,O35604,"Late endosome membrane,Multi-pass membrane protein,Lysosome membrane,Multi-pass membrane protein"
Nuclear factor 1 A-type,Q02780,Nucleus
Nipped-B-like protein,Q6KCD5,Nucleus
Neuron navigator 3,Q80TN7,Nucleus outer membrane
Nuclear factor 1 X-type,P70257,Nucleus
NHS-like protein 1,Q8CAF4,membrane
Nuclear fragile X mental retardation-interacting protein 2,Q5F2E7,"Nucleus,Cytoplasm"
Nuclear factor related to kappa-B-binding protein,Q6PIJ4,Nucleus
Nuclear receptor coactivator 6,Q5XJV5,"cytosol,histone methyltransferase complex"
Nuclear receptor corepressor 2,D3Z2J5,Not Found
Nuclear receptor coactivator 1,P70365,Nucleus
Nuclear receptor coactivator 2,Q61026,Nucleus
Nuclear receptor coactivator 5,Q91W39,Nucleus
Nuclear receptor corepressor 1,E9Q2B2,Nucleus
Nucleobindin-2,P81117,"Cytoplasm,Perikaryon,Endoplasmic reticulum,Golgi apparatus,Nucleus envelope,Membrane,Peripheral membrane protein,Secreted,Secreted"
Nucleobindin-1,Q02819,"Golgi apparatus,cis-Golgi network membrane,Peripheral membrane protein,Lumenal side,Cytoplasm,Secreted"
Nuclear receptor corepressor 2,E9PY55,Nucleus
Nucleoporin 153,E9Q3G8,"cytosol,nuclear inclusion body,nuclear membrane,nuclear periphery,nuclear pore,nuclear pore nuclear basket,nucleolus"
Nucleoporin NUP188 homolog,Q6ZQH8,"Nucleus,nuclear pore complex"
Nuclear pore complex protein Nup98-Nup96,B2RQL0,nuclear pore
Neurogenic locus notch homolog protein 1,Q01705,"Cell membrane,Single-pass type I membrane protein,Nucleus"
Nuclear pore complex protein Nup214,Q80U93,"Nucleus,nuclear pore complex"
Noelin-2,Q8BM13,"Secreted,Cell junction,synapse,Membrane,Nucleus,Cytoplasm"
Teneurin-1,Q9WTS4,"Cell membrane,Single-pass membrane protein,Cytoplasm,Cell membrane,Secreted,Nucleus,Nucleus speckle,Nucleus matrix,Cytoplasm,cytoskeleton,Nucleus,Cytoplasm,Cell membrane"
Numb-like protein,O08919,Cytoplasm
Nucleoporin NUP53,Q8R4R6,"Nucleus,nuclear pore complex,Nucleus membrane,Peripheral membrane protein"
Diphosphoinositol polyphosphate phosphohydrolase 1,Q9JI46,Cytoplasm
Oxysterol-binding protein-related protein 6,Q8BXR9,"Nucleus envelope,Cytoplasm,cytosol,Endoplasmic reticulum membrane,Peripheral membrane protein,Cell membrane,Peripheral membrane protein"
ENH1,Q2Q7P0,Not Found
Oxidation resistance protein 1,Q4KMM3,"Mitochondrion,Nucleus,nucleolus"
Neuropathy target esterase,Q3TRM4,"Endoplasmic reticulum membrane,Single-pass type I membrane protein,Cytoplasmic side"
PDZ domain-containing 2,E9Q1M1,cytoplasm
Basement membrane-specific heparan sulfate proteoglycan core protein,Q05793,"Secreted,extracellular space,extracellular matrix,basement membrane"
UDP-N-acetylglucosamine--peptide N-acetylglucosaminyltransferase 110 kDa subunit,Q8CGY8,"Cytoplasm,Nucleus,Cell membrane"
PHD finger protein 21A,Q6ZPK0,Nucleus
"3-beta-hydroxysteroid-Delta(8),Delta(7)-isomerase",P70245,"Endoplasmic reticulum membrane,Multi-pass membrane protein,Nucleus envelope,Cytoplasmic vesicle"
Perilipin-3,Q9DBG5,"Cytoplasm,Endosome membrane,Peripheral membrane protein,Cytoplasmic side,Lipid droplet"
Oxysterol-binding protein-related protein 10,S4R1M9,"Cytoplasm,cytoskeleton"
Nuclear pore complex protein Nup98-Nup96,Q6PFD9,"Nucleus membrane,Peripheral membrane protein,Nucleoplasmic side,Nucleus,nuclear pore complex"
Phosphatase and actin regulator 4,Q501J7,"Cytoplasm,Cell projection,lamellipodium"
Phosphatase and actin regulator 1,Q2M3X8,"Cytoplasm,Cell junction,synapse,Nucleus"
Membrane-associated phosphatidylinositol transfer protein 1,O35954,"Cytoplasm,Golgi apparatus,Golgi stack membrane,Peripheral membrane protein,Endoplasmic reticulum membrane,Peripheral membrane protein,Lipid droplet,Cleavage furrow,Midbody"
Phosphoglycerate mutase 2,O70250,"cytosol,extracellular exosome,nucleus"
PiggyBac transposable element-derived 5,D3YZI9,Not Found
Phosphoglycerate mutase 1,Q9DBJ1,"cytoplasm,cytosol,extracellular exosome,membrane,myelin sheath,nucleus"
Plakophilin-4,Q68FH0,"Cell junction,desmosome,Cytoplasm,cytoskeleton,spindle,Cytoplasm,cytoskeleton,spindle pole,Midbody,Cell membrane,Peripheral membrane protein"
Platelet-derived growth factor receptor beta,P05622,"Cell membrane,Single-pass type I membrane protein,Cytoplasmic vesicle,Lysosome lumen"
Protein piccolo,Q9QYX7,"Cell junction,synapse"
PH and SEC7 domain-containing protein 3,Q2PFD7,"Cell junction,synapse,postsynaptic cell membrane,postsynaptic density"
Plectin,E9Q9J6,"brush border,contractile fiber,cytoskeleton"
Plexin-A2,P70207,"Cell membrane,Single-pass type I membrane protein"
Pogo transposable element with ZNF domain,Q8BZH4,"Nucleus,Chromosome,Cytoplasm"
Nectin-1,Q9JKF6,"Cell membrane,Single-pass type I membrane protein,Cell junction,synapse,presynaptic cell membrane"
Small conductance calcium-activated potassium channel protein 3,P58391,"Membrane,Multi-pass membrane protein"
85/88 kDa calcium-independent phospholipase A2,P97819,"Membrane,Peripheral membrane protein,Cytoplasm"
Phosphatidylinositol-binding clathrin assembly protein,Q7M6Y3,"Membrane,clathrin-coated pit,Golgi apparatus,Cytoplasmic vesicle,clathrin-coated vesicle,Nucleus"
Putative uncharacterized protein,Q3UQ23,voltage-gated potassium channel complex
Potassium voltage-gated channel subfamily A member 4,Q61423,"Cell membrane,Multi-pass membrane protein,Cell projection,axon"
Polyadenylate-binding protein 1,P29341,"Cytoplasm,Nucleus"
Kcnq3 protein,Q14B66,voltage-gated potassium channel complex
Vesicular inhibitory amino acid transporter,O35633,"Cytoplasmic vesicle membrane,Multi-pass membrane protein"
Uncharacterized protein C9orf172 homolog,A2AJA9,Not Found
Polyhomeotic-like protein 3,Q8CHP6,Nucleus
Small conductance calcium-activated potassium channel protein 2,P58390,"Membrane,Multi-pass membrane protein"
Leucine zipper putative tumor suppressor 3,A2AHG0,"Cell junction,synapse,postsynaptic cell membrane,postsynaptic density,Cytoplasm,cytoskeleton"
Ankyrin repeat domain-containing protein 63,A2ARS0,Not Found
"Actin, cytoplasmic 2",P63260,"Cytoplasm,cytoskeleton"
Glucosidase 2 subunit beta,O08795,Endoplasmic reticulum
Protein phosphatase 1 regulatory subunit 12A,Q9DBR7,Cytoplasm
Prickle-like protein 2,Q80Y24,Nucleus membrane
Serine/threonine-protein phosphatase 4 regulatory subunit 4,Q8C0Y0,Cytoplasm
Protein phosphatase 1 regulatory subunit 12B,Q8BG95,Cytoplasm
26S protease regulatory subunit 8,P62196,"Cytoplasm,Nucleus"
Liprin-alpha-2,Q8BSS9,"Cytoplasm,Cell surface"
Tyrosine-protein phosphatase non-receptor type 23,Q6PB44,"Nucleus,Cytoplasm,Cytoplasmic vesicle,Endosome,Cytoplasm,cytoskeleton,cilium basal body"
MKIAA0044 protein,Q6ZQK4,protein phosphatase type 2A complex
Receptor-type tyrosine-protein phosphatase zeta,B9EKR1,"Cell membrane,Single-pass type I membrane protein,Secreted"
Protein phosphatase 1B,P36993,"Cytoplasm,cytosol,Membrane,Lipid-anchor"
Putative uncharacterized protein,Q8C6E9,DNA replication factor A complex
Myelin proteolipid protein,P60202,"Cell membrane,Multi-pass membrane protein,Myelin membrane"
Protein tyrosine phosphatase receptor type N,A6MDD2,"axon terminus,endosome,Golgi apparatus,integral component of membrane,neuronal cell body,nucleus,plasma membrane,secretory granule"
Pumilio homolog 1,Q80U78,"Cytoplasm,Cytoplasm,P-body,Cytoplasmic granule"
Protein PRRC2C,Q3TLH4,membrane
Transcriptional activator protein Pur-alpha,P42669,Nucleus
Liprin-alpha-3,P60469,"Cytoplasm,Cytoplasmic vesicle,secretory vesicle,acrosome"
Pyruvate kinase PKM,P52480,"Cytoplasm,Nucleus"
Rab11 family-interacting protein 5,Q8R361,"Cytoplasm,Recycling endosome membrane,Peripheral membrane protein,Early endosome membrane,Peripheral membrane protein,Golgi apparatus membrane,Peripheral membrane protein,Cytoplasmic vesicle,secretory vesicle membrane,Peripheral membrane protein,Mitochondrion membrane,Peripheral membrane protein"
R3H domain-containing protein 2,Q80TM6,Nucleus
Rap1 GTPase-activating protein 2,Q5SVL6,Cytoplasm
"Isoleucine--tRNA ligase, mitochondrial",Q8BIJ6,Mitochondrion matrix
Rap1 GTPase-activating protein 1,A2ALS5,"Golgi apparatus membrane,Peripheral membrane protein"
RalBP1-associated Eps domain-containing protein 1,O54916,"Membrane,clathrin-coated pit"
Rabphilin-3A,P47708,"Cell junction,synapse,Membrane,Peripheral membrane protein"
Ras-specific guanine nucleotide-releasing factor 2,P70392,"Cytoplasm,Cell membrane,Peripheral membrane protein,Endoplasmic reticulum membrane,Peripheral membrane protein"
Ras-related GTP-binding protein D,B1AWT3,Not Found
Ras GTPase-activating protein-binding protein 1,P97855,"Cytoplasm,Cytoplasm,cytosol,Cytoplasmic granule,Cell membrane,Nucleus"
E3 SUMO-protein ligase RanBP2,Q9ERU9,"Nucleus,Nucleus membrane,Nucleus,nuclear pore complex,Nucleus envelope"
Rap guanine nucleotide exchange factor 2,Q8CHG7,"Cytoplasm,Cytoplasm,perinuclear region,Cell membrane,Late endosome,Cell junction"
Rab11 family-interacting protein 2,G3XA57,"Cell membrane,Peripheral membrane protein,Recycling endosome membrane,Peripheral membrane protein"
Regulating synaptic membrane exocytosis 2,D9HP81,"extracellular exosome,intracellular,presynaptic active zone"
Regulation of nuclear pre-mRNA domain-containing protein 2,Q6NXI6,"DNA-directed RNA polymerase II, holoenzyme"
Reticulon-3,Q9ES97,"Endoplasmic reticulum membrane,Multi-pass membrane protein,Golgi apparatus membrane,Multi-pass membrane protein"
Reticulon-1,Q8K0T0,"Endoplasmic reticulum membrane,Multi-pass membrane protein"
X-linked retinitis pigmentosa GTPase regulator,Q9R0X5,"Golgi apparatus,Cytoplasm,cytoskeleton,microtubule organizing center,centrosome,Cytoplasm,cytoskeleton,cilium basal body,Cytoplasm,cytoskeleton,cilium axoneme,Cytoplasm,cytoskeleton,flagellum axoneme"
RB1-inducible coiled-coil protein 1,Q9ESK9,"Nucleus,Cytoplasm,cytosol,Cytoplasm,Preautophagosomal structure"
Regulating synaptic membrane exocytosis protein 1,Q99NE5,"Cell membrane,Peripheral membrane protein,Cell junction,synapse,Cell junction,synapse,presynaptic cell membrane,Peripheral membrane protein"
Rho GTPase-activating protein 32,Q811P8,"Cell junction,synapse,postsynaptic cell membrane,postsynaptic density,Cell projection,dendritic spine,Cytoplasm,cell cortex,Endosome membrane,Golgi apparatus membrane,Endoplasmic reticulum membrane,Membrane"
Arhgap21 protein,B2RWX1,Not Found
2310046A06Rik protein,B7ZMP8,Not Found
R3hdm1 protein,B9EHE8,Not Found
Rho guanine nucleotide exchange factor 7,Q9ES28,"Cell junction,focal adhesion,Cell projection,ruffle,Cytoplasm,cell cortex,Cell projection,lamellipodium"
BRCA2-interacting transcriptional repressor EMSY,Q8BMB0,Nucleus
UPF0705 protein C11orf49 homolog,Q8BHR8,Not Found
RIKEN cDNA 2010300C02 gene,E9Q3M9,Not Found
Calmodulin-regulated spectrin-associated protein 3,Q80VC9,"Cell junction,adherens junction,Cytoplasm,Cytoplasm,cytoskeleton"
Neuronal tyrosine-phosphorylated phosphoinositide-3-kinase adapter 1,Q6PFX7,intracellular
Kazrin,B7ZCA7,Not Found
RIKEN cDNA B630019K06 gene,Q7TNS5,Not Found
Reticulon-4,Q99P72,"Endoplasmic reticulum membrane,Multi-pass membrane protein"
Novel protein,A2BI30,integral component of membrane
Interferon regulatory factor 2-binding protein-like,Q8K3X4,Nucleus
Methylcytosine dioxygenase TET3,Q8BG87,"Nucleus,Cytoplasm"
RIMS-binding protein 2,D3YXR8,Not Found
UPF0606 protein KIAA1549,Q68FD9,"Membrane,Multi-pass membrane protein"
Roquin-2,P0C090,"Cytoplasm,P-body"
WASH complex subunit 4,Q3UMB9,Early endosome
Pseudopodium-enriched atypical kinase 1,Q69Z38,"Cytoplasm,cytoskeleton,Cell junction,focal adhesion"
SAP30-binding protein,Q02614,Nucleus
RNA-binding protein 27,Q5SFM8,"Cytoplasm,Nucleus speckle"
RNA-binding protein 14,Q8C2Q3,"Nucleus,Nucleus,nucleolus,Cytoplasm"
E3 ubiquitin-protein ligase RNF123,Q5XPI3,Cytoplasm
SCY1-like protein 2,Q8CFE4,"Cytoplasm,perinuclear region,Cytoplasmic vesicle,clathrin-coated vesicle,Golgi apparatus,trans-Golgi network membrane,Endosome membrane"
Putative uncharacterized protein,Q3U882,"COPII vesicle coat,ER to Golgi transport vesicle"
DOMON domain-containing protein FRRS1L,B1AXV0,"Cell membrane,Cell junction,synapse"
Semaphorin-6D,Q76KF0,"Cell membrane,Single-pass type I membrane protein"
"SEC16 homolog A, endoplasmic reticulum export factor",A2AIX1,"cytosol,endoplasmic reticulum,Golgi apparatus,Golgi membrane"
SH3 and multiple ankyrin repeat domains protein 1,Q9WV48,"Cytoplasm,Cell junction,synapse,Cell junction,synapse,postsynaptic cell membrane,postsynaptic density"
SH2 domain-containing protein 3C,Q9QZS8,"Cytoplasm,Membrane,Peripheral membrane protein"
E3 ubiquitin-protein ligase SH3RF1,Q69ZI1,"Cytoplasm,perinuclear region,Cell projection,lamellipodium,Golgi apparatus,trans-Golgi network"
SH3 and multiple ankyrin repeat domains protein 1,D3YZU1,"Cytoplasm,Cell junction,synapse,Cell junction,synapse,postsynaptic cell membrane,postsynaptic density"
Septin-9,Q80UG5,"Cytoplasm,cytoskeleton"
SH3 and multiple ankyrin repeat domains protein 3,Q4ACU6,"Cytoplasm,Cell junction,synapse,Cell junction,synapse,postsynaptic cell membrane,postsynaptic density,Cell projection,dendritic spine"
Signal-induced proliferation-associated 1-like protein 1,Q8C0T5,"Cytoplasm,cytoskeleton,Cell junction,synapse,postsynaptic cell membrane,postsynaptic density,Cell junction,synapse,synaptosome"
Endophilin-A2,Q62419,"Cytoplasm,Early endosome membrane,Peripheral membrane protein,Cell projection,podosome"
Signal transducer and activator of transcription 3,P42227,"Cytoplasm,Nucleus"
Signal-induced proliferation-associated 1-like protein 2,Q80TE4,Not Found
Ski oncogene,Q60698,Nucleus
SH3 and multiple ankyrin repeat domains protein 2,Q80Z38,"Apical cell membrane,Cytoplasm,Cell junction,synapse,Cell junction,synapse,postsynaptic cell membrane,postsynaptic density,Cell projection,dendritic spine,Cell projection,growth cone"
SLAIN motif-containing protein 1,Q68FF7,Not Found
Protein SMG7,Q5RJH6,"Cytoplasm,Nucleus"
NAD-dependent protein deacetylase sirtuin-2,Q8VDQ8,"Nucleus,Cytoplasm,Cytoplasm,perinuclear region,Perikaryon,Cytoplasm,cytoskeleton,Cell projection,Cell projection,growth cone,Myelin membrane,Cytoplasm,cytoskeleton,microtubule organizing center,centrosome,Cytoplasm,cytoskeleton,spindle,Chromosome,Midbody,Cytoplasm,cytoskeleton,microtubule organizing center,centrosome,centriole"
SNF-related serine/threonine-protein kinase,Q8VDU5,Nucleus
Protein strawberry notch homolog 1,Q689Z5,Not Found
ADP/ATP translocase 1,P48962,"Mitochondrion inner membrane,Multi-pass membrane protein"
Sodium channel subunit beta-4,Q7M729,"Cell membrane,Single-pass type I membrane protein"
SLIT-ROBO Rho GTPase-activating protein 1,Q91Z69,cytoplasm
Zinc transporter 6,Q8BJM5,"Golgi apparatus,trans-Golgi network membrane,Multi-pass membrane protein"
ADP/ATP translocase 2,P51881,"Mitochondrion inner membrane,Multi-pass membrane protein"
Serine/threonine-protein kinase SIK3,E9PU87,Not Found
Sodium-coupled neutral amino acid transporter 3,Q9DCP2,"Cell membrane,Multi-pass membrane protein"
Solute carrier family 12 member 5,Q91V14,"Cell projection,dendrite,Cell membrane,Multi-pass membrane protein"
Sodium- and chloride-dependent glycine transporter 2,Q761V0,"Cell membrane,Multi-pass membrane protein"
Sorbin and SH3 domain-containing protein 2,B7ZWM6,Not Found
VPS10 domain-containing receptor SorCS2,Q9EPR5,"Membrane,Single-pass type I membrane protein"
Spartin,Q8R1X6,"Cytoplasm,Midbody"
Sorbin and SH3 domain-containing protein 1,Q62417,"Cell junction,adherens junction,Cell membrane,Cytoplasm,cytoskeleton,Cell junction,focal adhesion,Nucleus,Nucleus matrix"
Spectrin beta chain,Q3UGZ4,"apical plasma membrane,cell-cell adherens junction,cell junction,cytosol,extracellular space,neuronal cell body,photoreceptor inner segment,plasma membrane,spectrin"
"Spectrin alpha chain, non-erythrocytic 1",P16546,"Cytoplasm,cytoskeleton,Cytoplasm,cell cortex"
MKIAA0757 protein,Q80TS6,Not Found
"Spectrin beta chain, non-erythrocytic 1",Q62261,"Cytoplasm,cytoskeleton,Endomembrane system,Cytoplasm,myofibril,sarcomere,M line,Cytoplasm,Cell membrane,Peripheral membrane protein,Cytoplasmic side"
Sorbin and SH3 domain-containing protein 2,Q3UTJ2,"Cytoplasm,perinuclear region,Cytoplasm,myofibril,sarcomere,Z line,Apical cell membrane,Cell junction,focal adhesion,Cell projection,lamellipodium,Cytoplasm,cytoskeleton"
A-kinase anchor protein SPHKAP,E9PUC4,extracellular exosome
Putative uncharacterized protein,Q8C2R1,integral component of membrane
Msx2-interacting protein,Q62504,Nucleus
"Splicing factor, proline- and glutamine-rich",Q8VIJ6,"Nucleus speckle,Nucleus matrix,Cytoplasm"
MCG113144,Q3UUD2,membrane
SRC kinase-signaling inhibitor 1,B1AQX6,Not Found
Sortilin-related receptor,O88307,"Membrane,Single-pass type I membrane protein,Golgi apparatus,Endosome,Secreted"
Transcription factor SOX-2,P48432,Nucleus
Storkhead-box protein 2,Q499E5,Not Found
Double-stranded RNA-binding protein Staufen homolog 2,Q8CJ67,"Cytoplasm,Nucleus,Nucleus,nucleolus,Endoplasmic reticulum"
Protein sprouty homolog 2,Q9QXV8,"Cytoplasm,cytoskeleton,Cell projection,ruffle membrane"
STE20-like serine/threonine-protein kinase,O54988,Cytoplasm
"Sprouty-related, EVH1 domain-containing protein 1",Q924S8,"Cell membrane,Peripheral membrane protein,Membrane,caveola,Peripheral membrane protein,Nucleus"
Stromal membrane-associated protein 2,Q7TN29,Cytoplasm
Transcription factor SOX-1,P53783,Nucleus
Striatin,O55106,"Cytoplasm,Membrane,Peripheral membrane protein,Cell projection,dendritic spine"
"Succinate--CoA ligase [ADP-forming] subunit beta, mitochondrial",Q9Z2I9,Mitochondrion
"Succinate dehydrogenase [ubiquinone] iron-sulfur subunit, mitochondrial",Q9CQA3,"Mitochondrion inner membrane,Peripheral membrane protein,Matrix side"
Synapsin-2,Q64332,"Cell junction,synapse"
Synaptojanin-1,Q8CHC4,Cytoplasm
Clathrin coat assembly protein AP180,Q61548,"Cell membrane,Membrane,coated pit,Peripheral membrane protein,Cytoplasmic side"
Syntaxin-binding protein 1,O08599,"Cytoplasm,cytosol,Membrane,Peripheral membrane protein"
Synaptosomal-associated protein 25,P60879,"Cytoplasm,perinuclear region,Cell membrane,Lipid-anchor,Cell junction,synapse,synaptosome"
Calcium-responsive transactivator,Q8BW22,"Nucleus,Chromosome,centromere,kinetochore"
Beta-synuclein,Q91ZZ3,Cytoplasm
Alpha-synuclein,O55042,"Cytoplasm,cytosol,Membrane,Nucleus,Cell junction,synapse,Secreted"
Target of Myb protein 1,O88746,"Cytoplasm,Membrane,Peripheral membrane protein"
182 kDa tankyrase-1-binding protein,P58871,"Nucleus,Cytoplasm,cytoskeleton,Chromosome"
Ras/Rap GTPase-activating protein SynGAP,Q9QUH6,"Membrane,Peripheral membrane protein,Cell junction,synapse"
Synaptopodin,Q8CC35,"Cytoplasm,cytoskeleton,Cell junction,tight junction,Perikaryon,Cell projection,dendritic spine,Cell junction,synapse,postsynaptic cell membrane,postsynaptic density,Cell junction,synapse"
Synaptotagmin-7,Q9R0N7,"Cell membrane,Single-pass membrane protein,Cell junction,synapse,presynaptic cell membrane,Single-pass membrane protein,Cytoplasmic vesicle,secretory vesicle,synaptic vesicle membrane,Single-pass membrane protein,Lysosome membrane,Single-pass membrane protein,Cytoplasmic vesicle,phagosome membrane,Single-pass membrane protein,Peroxisome membrane,Single-pass membrane protein,Cytoplasmic vesicle,secretory vesicle membrane,Single-pass membrane protein"
Synapsin-1,O88935,"Cell junction,synapse,Golgi apparatus"
TOM1-like protein 2,Q5SRX1,"extracellular exosome,intracellular"
TBC1 domain family member 10B,Q8BHL3,Cytoplasm
T-box brain protein 1,Q64336,Nucleus
TBC1 domain family member 10A,P58802,"Cell projection,microvillus"
TGF-beta-activated kinase 1 and MAP3K7-binding protein 3,Q571K4,extracellular exosome
TGF-beta-activated kinase 1 and MAP3K7-binding protein 1,Q8CF89,"cytosol,nuclear speck,protein complex"
Thrombospondin type-1 domain-containing protein 4,Q3UTY6,"Secreted,extracellular space,extracellular matrix,Secreted,Secreted,extracellular space,extracellular matrix"
Protein TANC2,A2A690,Not Found
TBC1 domain family member 9B,Q5SVR0,"Membrane,Single-pass membrane protein"
Tnik protein,B2RQ80,"apical plasma membrane,cytoskeleton,cytosol,extracellular exosome,nucleoplasm"
TBC1 domain family member 9,Q3UYK3,"endomembrane system,intracellular"
Growth arrest-specific protein 7,B1ATI9,Not Found
Protein TANC1,Q0VGY8,"Cell junction,synapse,postsynaptic cell membrane,postsynaptic density"
Thymoma viral proto-oncogene 3,Q6NXW0,Not Found
TNFAIP3-interacting protein 1,Q9WUU8,"Cytoplasm,Nucleus"
Trafficking kinesin-binding protein 1,Q6PD31,"Cytoplasm,Nucleus,Mitochondrion,Early endosome,Endosome"
"Trafficking protein, kinesin binding 2",Q6P9N8,"cytoplasm,dendrite cytoplasm,mitochondrion,nucleus,plasma membrane"
Ankyrin repeat domain 50,A6H6J9,Not Found
Putative uncharacterized protein,Q8CE98,Not Found
Transcription factor 20,Q9EPQ8,Nucleus
Transforming acidic coiled-coil-containing protein 1,Q6Y685,"Cytoplasm,Nucleus,Cytoplasm,cytoskeleton,microtubule organizing center,centrosome,Midbody"
Transcription factor E3,Q64092,Nucleus
Transformation-related protein 53-binding protein 2,E9QJU8,"nucleus,perinuclear region of cytoplasm"
Trinucleotide repeat-containing gene 6C protein,Q3UHC0,Not Found
E3 ubiquitin-protein ligase TRIM33,Q99PP7,Nucleus
Transmembrane and coiled-coil domains protein 2,Q80W04,"Membrane,Multi-pass membrane protein"
Synergin gamma,Q5SV85,"Cytoplasm,cytosol,Golgi apparatus,trans-Golgi network membrane,Peripheral membrane protein"
TSC22 domain family protein 1,D3Z0V7,Not Found
Mitochondrial import receptor subunit TOM70,Q9CZW5,"Mitochondrion outer membrane,Single-pass membrane protein"
MAGE-necdin/trophinin complex (Magphinin),Q99NC2,"cytoplasm,nucleus"
Cell cycle control protein 50A,Q8VEK0,"Membrane,Multi-pass membrane protein,Cell membrane,Golgi apparatus,Cytoplasmic vesicle,secretory vesicle membrane,Apical cell membrane"
Tubby-related protein 4,Q9JIL5,Cytoplasm
Triple functional domain protein,Q0KL02,Cytoplasm
Tubulin alpha-4A chain,P68368,"Cytoplasm,cytoskeleton"
Tubulin alpha-8 chain,Q9JJZ2,"Cytoplasm,cytoskeleton"
Tubulin beta-6 chain,Q922F4,"Cytoplasm,cytoskeleton"
Tubulin beta-3 chain,Q9ERD7,"Cytoplasm,cytoskeleton"
Tubulin beta-2A chain,Q7TMM9,"Cytoplasm,cytoskeleton"
Hamartin,Q9EP53,"Cytoplasm,Membrane,Peripheral membrane protein"
Tubulin polymerization-promoting protein,Q7TQD2,"Cytoplasm,Cytoplasm,cytoskeleton,Nucleus"
Tubulin beta-4A chain,Q9D6F9,"Cytoplasm,cytoskeleton"
Tubulin beta-2B chain,Q9CWF2,"Cytoplasm,cytoskeleton"
Tumor protein D54,A2AUD5,Not Found
"Cytochrome b-c1 complex subunit 1, mitochondrial",Q9CZ13,Mitochondrion inner membrane
Activated CDC42 kinase 1,O54967,"Cell membrane,Nucleus,Endosome,Cell junction,adherens junction,Cytoplasmic vesicle membrane,Peripheral membrane protein,Cytoplasmic side,Cytoplasmic vesicle,clathrin-coated vesicle,Membrane,clathrin-coated pit"
Ubinuclein-1,Q4G0F8,"Nucleus,nucleoplasm,Nucleus,PML body,Cell junction,tight junction"
Ubiquitin-associated protein 2-like,Q80X50,"Ada2/Gcn5/Ada3 transcription activator complex,cytoplasm,nucleus,PcG protein complex"
Ubiquitin carboxyl-terminal hydrolase 8,Q80U87,"Cytoplasm,Nucleus,Endosome membrane,Peripheral membrane protein,Cell membrane,Peripheral membrane protein"
Ubiquitin carboxyl-terminal hydrolase 11,Q99K46,"Nucleus,Cytoplasm,Chromosome"
Ubiquitin-specific peptidase 31,E9Q6Y8,nucleus
Ubiquitin-associated protein 2,Q91VX2,"cell-cell adherens junction,cytoplasm,nucleus"
Putative uncharacterized protein,Q3TAD4,Not Found
E3 ubiquitin-protein ligase UBR4,A2AN08,"Membrane,Multi-pass membrane protein,Cytoplasm,Cytoplasm,cytoskeleton,Nucleus"
Netrin receptor UNC5A,Q8K1S4,"Cell membrane,Single-pass type I membrane protein,Membrane raft,Cell projection"
Netrin receptor UNC5B,Q8K1S3,"Cell membrane,Single-pass type I membrane protein,Membrane raft"
Ubiquitin carboxyl-terminal hydrolase 24,B1AY13,Not Found
MCG18019,Q0VGU4,"cytoplasmic vesicle,extracellular region,extracellular space,intracellular membrane-bounded organelle"
Putative E3 ubiquitin-protein ligase UNKL,Q5FWH2,"Cytoplasm,Nucleus"
Serine/threonine-protein kinase ULK2,Q9QY01,"Cytoplasmic vesicle membrane,Peripheral membrane protein"
Tyrosine-protein kinase,B2RQ57,Not Found
Deubiquitinating protein VCIP135,Q8CDG3,"Endoplasmic reticulum,Golgi apparatus,Golgi stack"
Vascular endothelial zinc finger 1,Q5SXC4,"nucleoplasm,nucleus"
Voltage-dependent anion-selective channel protein 1,Q60932,"Mitochondrion outer membrane,Multi-pass membrane protein,Cell membrane,Multi-pass membrane protein,Membrane raft,Multi-pass membrane protein"
Protein unc-80 homolog,Q8BLN6,"Membrane,Multi-pass membrane protein"
Methylosome protein 50,Q99J09,"Nucleus,Cytoplasm"
von Willebrand factor,Q8CIZ8,"Secreted,Secreted,extracellular space,extracellular matrix"
WD repeat-containing protein 37,Q8CBE3,"PeBoW complex,preribosome, large subunit precursor"
Serine/threonine-protein kinase WNK2,E0CYT1,Not Found
WD repeat-containing protein 13,Q91V09,Nucleus
WD repeat and FYVE domain-containing protein 3,Q6VNB8,"Nucleus membrane,Cytoplasm,Nucleus,PML body,Membrane,Peripheral membrane protein,Cytoplasmic side"
Voltage-dependent anion-selective channel protein 3,Q60931,Mitochondrion outer membrane
Protein WWC2,Q6NXJ0,cytosol
Serine/threonine-protein kinase WNK3,Q80XP9,Cytoplasm
YLP motif-containing protein 1,D3YWX2,"cytosol,nuclear speck"
Zinc finger and BTB domain-containing protein 20,Q8K0L9,Nucleus
WW domain-binding protein 2,P97765,nuclear chromatin
YEATS domain-containing protein 2,Q3TUF7,Nucleus
YTH domain-containing family protein 3,Q8BYK6,Not Found
Tyrosine-protein kinase Yes,Q04736,"Cell membrane,Cytoplasm,cytoskeleton,microtubule organizing center,centrosome,Cytoplasm,cytosol"
Serine/threonine-protein kinase WNK1,P83741,Cytoplasm
Zinc finger E-box-binding homeobox 2,Q9R0G7,Nucleus
Zinc finger protein 598,Q80YR4,Not Found
Vimentin,P20152,Cytoplasm
Zinc finger protein 532,Q6NXK2,Nucleus
Protein YIF1B,Q9CX30,"Membrane,Multi-pass membrane protein"
AN1-type zinc finger protein 2B,Q91X58,Endoplasmic reticulum
Zinc finger protein 318,B0V2M3,"cytosol,nucleoplasm"
"ATP synthase-coupling factor 6, mitochondrial",P97450,"Mitochondrion,Mitochondrion inner membrane"
Zinc finger protein 608,Q56A10,Not Found
Zinc finger RNA-binding protein,O88532,"Nucleus,Cytoplasm,Cytoplasmic granule,Chromosome"
Palmitoyltransferase ZDHHC5,Q8VDZ4,"Cell membrane,Membrane,Multi-pass membrane protein"
"ATP synthase subunit alpha, mitochondrial",Q03265,"Mitochondrion inner membrane,Cell membrane,Peripheral membrane protein,Extracellular side"
"ATP synthase subunit f, mitochondrial",P56135,"Mitochondrion,Mitochondrion inner membrane,Single-pass membrane protein"
Citrate synthase,Q80X68,mitochondrion
MICOS complex subunit Mic25,Q91VN4,"Mitochondrion inner membrane,Lipid-anchor,Mitochondrion"
"ATP synthase subunit g, mitochondrial",Q9CPQ8,"Mitochondrion,Mitochondrion inner membrane"
"ATP synthase subunit gamma, mitochondrial",Q91VR2,"Mitochondrion,Mitochondrion inner membrane,Peripheral membrane protein"
"ATP synthase subunit beta, mitochondrial",P56480,"Mitochondrion,Mitochondrion inner membrane"
ATP-dependent (S)-NAD(P)H-hydrate dehydratase,Q9CZ42,Mitochondrion
Zinc finger FYVE domain-containing protein 1,Q810J8,"Golgi apparatus,Golgi stack,Endoplasmic reticulum"
"Cytochrome c oxidase subunit 6A1, mitochondrial",P43024,Mitochondrion inner membrane
Heat shock protein HSP 90-beta,E9Q3D6,mitochondrion
Probable palmitoyltransferase ZDHHC8,Q5Y5T5,"Cytoplasmic vesicle membrane,Multi-pass membrane protein"
"Keratin, type II cytoskeletal 5",Q922U2,"cytoplasm,extracellular exosome,intermediate filament,keratin filament,membrane,mitochondrion,nucleus,plasma membrane"
"N(G),N(G)-dimethylarginine dimethylaminohydrolase 2",Q99LD8,"Cytoplasm,Mitochondrion"
"Cytochrome c oxidase subunit 5A, mitochondrial",P12787,Mitochondrion inner membrane
Glutamine synthetase,P15105,"Cytoplasm,Mitochondrion"
Mitochondrial antiviral-signaling protein,Q8VCF0,"Mitochondrion outer membrane,Mitochondrion,Peroxisome"
Oxidation resistance protein 1,Q4KMM3,"Mitochondrion,Nucleus,nucleolus"
"N(G),N(G)-dimethylarginine dimethylaminohydrolase 1",Q9CWS0,"extracellular exosome,mitochondrion"
Rab11 family-interacting protein 5,Q8R361,"Cytoplasm,Recycling endosome membrane,Peripheral membrane protein,Early endosome membrane,Peripheral membrane protein,Golgi apparatus membrane,Peripheral membrane protein,Cytoplasmic vesicle,secretory vesicle membrane,Peripheral membrane protein,Mitochondrion membrane,Peripheral membrane protein"
NADH dehydrogenase [ubiquinone] 1 beta subcomplex subunit 10,Q9DCS9,"Mitochondrion inner membrane,Peripheral membrane protein,Matrix side"
ADP/ATP translocase 1,P48962,"Mitochondrion inner membrane,Multi-pass membrane protein"
"DnaJ homolog subfamily A member 3, mitochondrial",Q99M87,"Mitochondrion matrix,Cytoplasm,cytosol,Cell junction,synapse,postsynaptic cell membrane,Peripheral membrane protein"
C-Jun-amino-terminal kinase-interacting protein 1,Q9WVI9,"Cytoplasm,Cytoplasm,perinuclear region,Nucleus,Endoplasmic reticulum membrane,Mitochondrion membrane"
ADP/ATP translocase 2,P51881,"Mitochondrion inner membrane,Multi-pass membrane protein"
"Malate dehydrogenase, mitochondrial",P08249,Mitochondrion matrix
"NADH dehydrogenase [ubiquinone] iron-sulfur protein 8, mitochondrial",Q8K3J1,Mitochondrion
"Isoleucine--tRNA ligase, mitochondrial",Q8BIJ6,Mitochondrion matrix
Trafficking kinesin-binding protein 1,Q6PD31,"Cytoplasm,Nucleus,Mitochondrion,Early endosome,Endosome"
"Succinate--CoA ligase [ADP-forming] subunit beta, mitochondrial",Q9Z2I9,Mitochondrion
"Trafficking protein, kinesin binding 2",Q6P9N8,"cytoplasm,dendrite cytoplasm,mitochondrion,nucleus,plasma membrane"
"Succinate dehydrogenase [ubiquinone] iron-sulfur subunit, mitochondrial",Q9CQA3,"Mitochondrion inner membrane,Peripheral membrane protein,Matrix side"
"Isocitrate dehydrogenase [NAD] subunit alpha, mitochondrial",Q9D6R2,Mitochondrion
Voltage-dependent anion-selective channel protein 3,Q60931,Mitochondrion outer membrane
"3-hydroxyisobutyrate dehydrogenase, mitochondrial",P31937,Mitochondrion
ADP/ATP translocase 1,P02722,"Mitochondrion inner membrane,Multi-pass membrane protein"
"Cytochrome b-c1 complex subunit 1, mitochondrial",Q9CZ13,Mitochondrion inner membrane
Mitochondrial import receptor subunit TOM70,Q9CZW5,"Mitochondrion outer membrane,Single-pass membrane protein"
"Aspartate aminotransferase, mitochondrial",P12344,"Mitochondrion matrix,Cell membrane"
Voltage-dependent anion-selective channel protein 1,Q60932,"Mitochondrion outer membrane,Multi-pass membrane protein,Cell membrane,Multi-pass membrane protein,Membrane raft,Multi-pass membrane protein"
"ATP synthase F(0) complex subunit B1, mitochondrial",P13619,"Mitochondrion,Mitochondrion inner membrane"
"ATP synthase subunit d, mitochondrial",P13620,"Mitochondrion,Mitochondrion inner membrane"
"ATP synthase subunit O, mitochondrial",P13621,"Mitochondrion,Mitochondrion inner membrane"
"ATP synthase subunit beta, mitochondrial",P00829,"Mitochondrion,Mitochondrion inner membrane"
"ATP synthase subunit f, mitochondrial",Q28851,"Mitochondrion,Mitochondrion inner membrane,Single-pass membrane protein"
"ATP synthase subunit alpha, mitochondrial",P19483,"Mitochondrion inner membrane,Cell membrane,Peripheral membrane protein,Extracellular side"
"ATP synthase subunit delta, mitochondrial",P05630,"Mitochondrion,Mitochondrion inner membrane"
"Citrate synthase, mitochondrial",Q29RK1,Mitochondrion matrix
ATP-binding cassette sub-family D member 3,P16970,"Peroxisome membrane,Multi-pass membrane protein"
"Carnitine O-palmitoyltransferase 1, liver isoform",P32198,"Mitochondrion outer membrane,Multi-pass membrane protein"
ATPase family AAA domain-containing protein 3,Q3KRE0,"Mitochondrion membrane,Mitochondrion inner membrane,Single-pass membrane protein,Mitochondrion matrix,mitochondrion nucleoid"
"Cytochrome b-c1 complex subunit 1, mitochondrial",P31800,"Mitochondrion inner membrane,Peripheral membrane protein,Matrix side"
"Cytochrome b-c1 complex subunit 2, mitochondrial",P23004,"Mitochondrion inner membrane,Peripheral membrane protein,Matrix side"
Cytochrome b-c1 complex subunit 7,P00129,Mitochondrion inner membrane
Cytochrome b-c1 complex subunit 8,P13271,Mitochondrion inner membrane
"Cytochrome c oxidase subunit 4 isoform 1, mitochondrial",P00423,Mitochondrion inner membrane
Cytochrome c oxidase subunit 2,P68530,"Mitochondrion inner membrane,Multi-pass membrane protein"
"Cytochrome c oxidase subunit 5B, mitochondrial",P00428,Mitochondrion inner membrane
"Cytochrome c oxidase subunit 5A, mitochondrial",P00426,Mitochondrion inner membrane
"DnaJ (Hsp40) homolog, subfamily C, member 11",B1WBY5,"extracellular exosome,mitochondrial inner membrane"
"Cytochrome c oxidase subunit 7A2, mitochondrial",P13184,Mitochondrion inner membrane
"Cytochrome c oxidase subunit 6A2, mitochondrial",P07471,Mitochondrion inner membrane
"Cytochrome c1, heme protein, mitochondrial",P00125,"Mitochondrion inner membrane,Single-pass membrane protein,Intermembrane side"
"Glutaminase kidney isoform, mitochondrial",P13264,"Cytoplasm,cytosol,Mitochondrion"
MICOS complex subunit MIC60,Q2NL19,"Mitochondrion inner membrane,Single-pass membrane protein"
Hexokinase-1,P05708,Mitochondrion outer membrane
"A-kinase anchor protein 1, mitochondrial",O88884,Mitochondrion outer membrane
"Histidine triad nucleotide-binding protein 2, mitochondrial",Q8SQ21,Mitochondrion
"Isocitrate dehydrogenase [NADP], mitochondrial",Q04467,Mitochondrion
FGF-2 binding protein,O62828,mitochondrial fatty acid beta-oxidation multienzyme complex
NADH-cytochrome b5 reductase 3,P20070,"Endoplasmic reticulum membrane,Lipid-anchor,Cytoplasmic side,Mitochondrion outer membrane,Lipid-anchor,Cytoplasmic side,Cytoplasm"
"Isocitrate dehydrogenase [NAD] subunit beta, mitochondrial",O77784,Mitochondrion
"Phosphate carrier protein, mitochondrial",P12234,"Mitochondrion inner membrane,Multi-pass membrane protein"
Mitochondrial fission 1 protein,P84817,"Mitochondrion outer membrane,Single-pass membrane protein,Peroxisome membrane,Single-pass membrane protein"
"LETM1 and EF-hand domain-containing protein 1, mitochondrial",Q0VCA3,"Mitochondrion inner membrane,Single-pass membrane protein"
"Adenylate kinase 2, mitochondrial",P08166,Mitochondrion intermembrane space
Cytosol aminopeptidase,Q68FS4,Cytoplasm
"ATP synthase subunit gamma, mitochondrial",P05631,"Mitochondrion,Mitochondrion inner membrane,Peripheral membrane protein"
"Malate dehydrogenase, mitochondrial",Q32LG3,Mitochondrion matrix
Mitochondrial 2-oxoglutarate/malate carrier protein,P97700,"Mitochondrion inner membrane,Multi-pass membrane protein"
Mitochondrial import receptor subunit TOM20 homolog,Q62760,"Mitochondrion outer membrane,Single-pass membrane protein"
NADH dehydrogenase [ubiquinone] 1 alpha subcomplex subunit 2,Q02370,"Mitochondrion inner membrane,Peripheral membrane protein,Matrix side"
"NAD(P) transhydrogenase, mitochondrial",P11024,"Mitochondrion inner membrane,Multi-pass membrane protein,Matrix side"
NADH dehydrogenase [ubiquinone] 1 alpha subcomplex subunit 7,Q05752,"Mitochondrion inner membrane,Peripheral membrane protein,Matrix side"
Cytochrome c oxidase subunit NDUFA4,Q01321,"Mitochondrion inner membrane,Peripheral membrane protein,Matrix side"
"NADH dehydrogenase [ubiquinone] 1 alpha subcomplex subunit 10, mitochondrial",P34942,Mitochondrion matrix
NADH dehydrogenase [ubiquinone] 1 beta subcomplex subunit 10,Q02373,"Mitochondrion inner membrane,Peripheral membrane protein,Matrix side"
"Isovaleryl-CoA dehydrogenase, mitochondrial",P12007,Mitochondrion matrix
"Lon protease homolog, mitochondrial",Q59HJ6,Mitochondrion matrix
NADH dehydrogenase [ubiquinone] 1 alpha subcomplex subunit 13,Q95KV7,"Mitochondrion inner membrane,Single-pass membrane protein,Matrix side,Nucleus"
"NADH dehydrogenase [ubiquinone] 1 beta subcomplex subunit 5, mitochondrial",Q02380,"Mitochondrion inner membrane,Single-pass membrane protein,Matrix side"
NADH dehydrogenase [ubiquinone] 1 alpha subcomplex subunit 12,O97725,"Mitochondrion inner membrane,Peripheral membrane protein,Matrix side"
"NADH dehydrogenase [ubiquinone] 1 beta subcomplex subunit 11, mitochondrial",Q8HXG5,"Mitochondrion inner membrane,Single-pass membrane protein"
NADH dehydrogenase [ubiquinone] 1 beta subcomplex subunit 4,P48305,"Mitochondrion inner membrane,Single-pass membrane protein,Matrix side"
"NADH dehydrogenase [ubiquinone] iron-sulfur protein 7, mitochondrial",P42026,Mitochondrion
NADH dehydrogenase [ubiquinone] 1 subunit C2,Q02827,"Mitochondrion inner membrane,Single-pass membrane protein,Matrix side"
NADH dehydrogenase [ubiquinone] 1 beta subcomplex subunit 7,Q02368,"Mitochondrion inner membrane,Peripheral membrane protein,Mitochondrion intermembrane space"
Peroxiredoxin-2,P35704,Cytoplasm
Sideroflexin-3,Q9JHY2,"Mitochondrion membrane,Multi-pass membrane protein"
"Succinate dehydrogenase [ubiquinone] flavoprotein subunit, mitochondrial",P31039,"Mitochondrion inner membrane,Peripheral membrane protein,Matrix side"
"Pyruvate dehydrogenase E1 component subunit beta, mitochondrial",P49432,Mitochondrion matrix
"Ubiquinone biosynthesis protein COQ9, mitochondrial",Q2NL34,Mitochondrion
"Stomatin-like protein 2, mitochondrial",Q4FZT0,"Cell membrane,Peripheral membrane protein,Mitochondrion,Mitochondrion inner membrane,Lipid-anchor,Mitochondrion intermembrane space,Membrane raft,Cytoplasm,cytoskeleton"
"NADH dehydrogenase [ubiquinone] 1 beta subcomplex subunit 8, mitochondrial",Q02372,"Mitochondrion inner membrane,Single-pass membrane protein,Matrix side"
Thiosulfate sulfurtransferase,P00586,Mitochondrion matrix
"Succinate dehydrogenase [ubiquinone] iron-sulfur subunit, mitochondrial",Q3T189,"Mitochondrion inner membrane,Peripheral membrane protein,Matrix side"
NADH-ubiquinone oxidoreductase chain 4,P05508,"Mitochondrion membrane,Multi-pass membrane protein"
Voltage-dependent anion-selective channel protein 1,F1MIN1,"extracellular exosome,integral component of membrane,mitochondrial inner membrane,mitochondrial nucleoid,mitochondrial outer membrane,myelin sheath,nucleus,plasma membrane"
"Methylenetetrahydrofolate dehydrogenase (NADP+-dependent) 2, methenyltetrahydrofolate cyclohydrolase",D4A1Y5,"extracellular space,mitochondrion"
"2-methoxy-6-polyprenyl-1,4-benzoquinol methylase, mitochondrial",Q0P5A2,"Mitochondrion inner membrane,Peripheral membrane protein,Matrix side"
THEM2 protein,A6QQ83,"cytoplasm,extracellular exosome,mitochondrion,nucleus"
"Glutamate dehydrogenase 1, mitochondrial",P00366,Mitochondrion matrix
Voltage-dependent anion-selective channel protein 2,P68002,Mitochondrion outer membrane
Ac1164,Q7TQ85,"mitochondrion,pyruvate dehydrogenase complex"
Uncharacterized protein,E1BJA2,"cytosol,mitochondrial intermembrane space,nucleus"
